score,y,ko_text
5.0,1,모둠이랑 라면 다 너무너무 맜있어요사람들이 많으니 꼭 미리 예약하고 가세요
5.0,1,시원하고 쾌적한 공간에서 조리 완료되어 나온 음식을 먹을 수 있어서 굿굿 모듬과 특양구이를 먹었는데 함께나온 부추와 양배추절임 환상궁합이에요단 웨이팅안하려면 네이버 예약하고 절대 시간맞춰가야한다는거  맛있어용
4.5,1,맛있어요 질도 좋고 항상 잘 먹어요 다만 라면이 너무 짜요
4.5,1,맛나요 자주먹습니다
5.0,1,굿구굿구구굿구굿국굿
4.0,1,구워져서 나와서 깔끔하게 먹을 수 있는 곳
5.0,1,예약으로 가면 조금 쾌적하게 즐길수 있어요일부 블로그 평가와는 다르게 맛은 괜찮았고 양은 남성기준으론 조금 적은양이었어요그래도 간만에 맛있는 음식 먹어서 좋았습니다
5.0,1,대창이 진짜 맛있네요 곱창이 쫄깃쫄깃 대파김치가 진짜 맛있어요  기름기를 딱 잡아줘서 곱창이 계속들어가요 웨이팅이 있었지만 넘 맛있어서  잊어버렸네요층도 꼭 열어주세요 
5.0,1,맛있어요 많이먹고 왔어요
3.5,1,음식이 최대 주문이 인분이고불편했어요먹다기다리고 먹다 기다리고 흐름이
5.0,1,본점에서 먹어봤는데 어디가 본점인가요  여기도 본점못지않게 소고기 질이 남다릅니다 신선한 한우 드실려면 여기 강추
4.5,1,소고기랑 무우채 같이먹으면 엄청 맛있어요
5.0,1,강북에서 유명하다는데 강남점도 엄청 맛있네요 
5.0,1,사장님 엄청 친절하시고 고기 완전 신선해요 한우라도 다른 거 같네요 잘먹고 갑니다
5.0,1,와 진짜 리뷰거의 안남기는데 갈 때마다 잘 챙겨주시고 고기도 변함없이 신선한 것만 쓰셔서 너무 좋네요 감사합니다 잘먹고 가요
4.5,1,회사가 근처라 자주오는데 항상 친절하시네요 고기 질도 착합니다  육회는 무조건 드셔보세요
4.0,1,후기보고 기대했는데 기대이상이네요 
5.0,1,사장님 친절하시구 신선해서 육회먹으러 자주가요
4.5,1,점심시간 때 육회비빔밥 자주 먹으러 오는데 단골집이 되었네요 
5.0,1,좋은 소고기 잘 먹고 갑니다 한우라해도 다 똑같은 게 아닌듯
4.5,1,두번째 방문인데 역쉬 고기맛 짱 주말이라 좀 어수선하긴했지만추천할만 한 곳이네요
5.0,1,숙성육이 식감도 좋고 고소하네요 강추 잘먹었습니다
1.5,0,고기맛은 가격만큼 나쁘진 않았으나 이 가격에 손님이 직접구워먹어야 하는 곳은 처음이네요 
5.0,1,잘 먹었습니다
5.0,1,회식가기 좋네요 고기 때깔이 최고 잘먹었습니다
5.0,1,친절하고 고기맛이 좋네요 숙성육이라는것 첨 먹어봤는데 식감이 부드럽고 좋았어요 강추
5.0,1,맛도 좋고 서비스도 좋고 친절하고고기도 맛나요 좋아요
5.0,1,숙성육이라 육질이 좋네요 자주 이용하겠습니다 안심을 파는곳이 많이 없는것 같은데 이곳은 안심이 있어서 좋아요 고기는 안심이죠 강추
5.0,1,역시 고기는 숙성육 살치살 너무 맛나요 강추
5.0,1,갈비탕 굿 티브에 나왔다고 해서 먹어봤는데 최고 담엔 저녁에 고기를 이용해 봐야 겠네요대갈비가 대나 들어있네요 잘 먹었습니다
5.0,1,고기 맛있고 서비스 좋았습니다 
5.0,1,언제나 고기는 맛있었구요사장님 고기두 직접구워주시고 친절하시구 만족합니다
5.0,1,반찬이 진짜 다 맛있고 고기도 맛있어요깔끔해서좋네요
5.0,1,늘 맛있게 먹고 있어요요기 고기도 구워주시고 반찬도 진짜 맛있어용회식할때마다 제가 추천하고있어요 사장님오겹살 삼겹살 고기 다 뿌시러 또 갈게요 
5.0,1,깨끗하고 맛있고 좋네요
5.0,1,친절하시고 맛두 굿입니다 
5.0,1,늘 가족들이랑 찾는 곳이에요 여기서 삼겹살이랑 솥밥은 꼭 드셔보세요 저는 삼겹살은 여기서만 먹어요 고기가 두툼하고 숯이 다른데서 쓰는 숯이랑 다르더라고요 진짜 숯불고기맛  다른데는 이제 못먹을거 같아요  사장님 자주 방문할게요
5.0,1,잘 먹었습니다고기 맛 있고 넘 좋았어요
5.0,1,맛있어요 강남최고가성비인듯 술까지 원 나왔는데 어디가서 이렇게 못 먹음 밥도 원인데 돌솥밥으로 줌 최고
4.0,1,다좋고 맛있는데 떡볶이가 찜닭떡볶이 간장으로바뀐게 아쉬웟어요
5.0,1,시 메니져님 완전 친절하시고고기맛있고 가격좋고 재방문 예약이요
5.0,1,맛있었어요 직원이 친절해요
4.5,1,만족스러웠어요 고기질도 좋고
5.0,1,맛있숴요
5.0,1,흑돼지 삼겹살이 진짜 맛있어요  고기도 엄청 두툼하고 퀄리티 장난아님
5.0,1,손소독제도 잘 비치되어있고 청결도 꼼꼼하게신경쓰는 곳 같아서 안심하고 먹었습니다고기도 너무 맛있었고 직원분들도 친절했어요다음에 또 올게요
5.0,1,몇번을 리필해서 먹었는지몰라요서비스도 굿 고기퀄도 굿다음에 또 올게요
5.0,1,점심에 방문했어요배부르게 잘 먹고갑니다다음에 또올게요
5.0,1,너무 맛있어서 다음에 또 올려고요강남에서 무한리필집 찾으시는 분들 고민말고 배갈비로 오세욥
4.0,1,잘먹고갑니다  사장님 마인드가 너무 멋지신것같아요 담에 또 가고싶어요
4.0,1,모든 것주문 불판청소불판교체요청시이 셀프여서 귀찮긴 하지만그만큼 저렴한 가격예약 시 별도 룸과 껍데기 서비스를 주기 때문에예약하고 가는 것을 추천
5.0,1,가격대비 짱짱맨 좋아요
4.0,1,예약하고가서 방에서 편하게먹었습니다 평일인데도 손님이 너무많아서 감당이 안되시는듯그릇도 없고 반찬도 없어서 한참 그냥 앉아있었네요고기는 냉삼 맛나요 껍데기도 굿
3.0,0,맛있었는데 일하는사람이 너무 없어서 주문해도 안나와서 몇번 다시 주문했아요
5.0,1,놈나 맛있었어요 전부 다 셀프긴 하지만 그래서 가격도 매우 착함 단 예약은 필수
4.0,1,아 좋아요  여기 유투브 보고 갔는데 고기질도 괜찮고 밑반찬도 맛있고 가격도 저렴하고 사장님도 친절하시고 좋으심 다만 홀서버가 명이라 그런지 매장이 정리정돈이 안되어있고 메뉴 주문하기도 쪼끔 난감했음 이것만 보완이 된다면 아주아주 훌륭한 가게임미다
5.0,1,어쩌다가 유명 유투버 방송을 타서고기 좋고 가성비 진심 끝판왕
5.0,1,두번째 방문인데 직원분들 너무 친절하셨고맛있게 잘먹었어요 월달에 또 가려구요서비스로 주셨던 껍데기도 맛있었고 볶음밥도 최고번창하세요
4.0,1,맛있어요 불판을 갈아줬으면 더 좋을 거 같아요 
5.0,1,만족했습니다 
5.0,1,깨끗하고 맛있고 친절했어요
5.0,1,강남역에서 가까워 이용하기 좋고 매장도 깔끔하고 연기도 없어 좋았어요 무엇보다도 직원분들이 너무나 친절하게 대해주셔서 즐겁게 이용하고 왔습니다
3.0,0,고기굽는숯이 참숯이 아니고 기계로 찍어 만든  숯같은데 그 숯냄새가 오래앉아있다보니 너무 머리가 아팠다꼭 가스먹은것처럼 머리가 오래 아팠다 다른건 다좋은데 숯이 맘에 안든다 무슨숯인지 궁금하다
4.0,1,음식은 다 맛있었습니다 금요일이라 좀 정신없던 거 빼면 만족합니다
4.0,1,비록 예약에 문제가 있어 기분이 상하긴 했지만 전반적으로 좋았습니다 직원분들 친절하시고 위치도 접근성이 좋고 자주이용할듯 합니다
4.0,1,약간 춥긴했지만 맛있게 잘먹었습니데
5.0,1,정성껏 챙겨주신 직원분들 덕에 즐겁고 편한 시간 되었습니다
3.0,0,보통입니다
5.0,1,고기도 엄청맛있었고 서비스도 너무 좋았어요 기회가 된다면 또 재방문하고싶어요
3.0,0,가성비 떨어지구 인당 만원은 잡아야함샐러드도  예전보다 파스타면양이  줄었고  고구마 꼬치기  별미였는데  없어졌음
5.0,1,맛있고 좋습니다
5.0,1,깔끔하고 맛있었습니다
3.0,0,명 예약하고갔는데 넓은 인석 있음에도 좁은인석에 주어서 변경요청했으나 거절당했고요알바생들은 번씩은 불러야 대답을해주고 그마저도 불친절함고기는 또가고싶을 정도는 아님비쌈 대충 옷에 고기냄새 베기싫고 어색한 사람이랑 갈때 가는 곳 다신 안갈것
3.0,0,분위기 좋음 회식장소보다 데이트 하기 좋을듯대부분 친절하시지만 체격 있는 남자분 무서움 동료 여자 알바생한테는 장난스레 장난침 노랑 머리 여자분 무서움그냥 무서움
5.0,1,고기 냄새가 덜해서 좋았고 맛있었어요
5.0,1,맛있었어요 또 방문 예정
4.0,1,맛있어시어요
3.0,0,다양한 소수가 있었으면 좋을것 같아요맛은 좋아요  고기 냄새도 안나구
1.0,0,서빙이 느릿느릿 강남가격이라 비쌈답답함
5.0,1,잘먹었습니다
4.0,1,서비스나 분위기는 평타이나 고기는 맛있었다
4.0,1,맛있어요
5.0,1,맛있게 먹고갔어용 명란 조화 못잃어여
4.5,1,명란삼겹살 강추에요 너무 맛있어요 양도 푸짐하고 맛도 좋고 사장님도 친절하고 박자가 아주 좋은곳입니다
5.0,1,맛있습니다
4.5,1,아주 만족 고기 맛남
5.0,1,고기도 다 맛있고냉면도 맛있었어요서비스도 좋았는데사람이 많아서 호출 눌러도잘 못 보시더라구요그거 빼곤 너무 만족스러웠습니다
4.5,1,맛있고 친절했어요
5.0,1,맛있어요 점심에방문하기도괜찮네요 환풍이잘돼요 명란삼겹 구워도 맛있어요
4.5,1,미리 예약해서 방문했구요 음식맛 직원 친절 등 모두 만족합니다 다만 안쪽 좌식테이블에서 먹었는데  자리가 너무 좁아서 별 반개 뺍니다
5.0,1,호다닥 구워서 어미새가 아기새들에게 모이주듯이 빠르게먹었지만 넘넘 맛있었습니다또 가고싶을정도의 맛집이에요 
3.0,0,실내가 너무 더웠고 시끄럽게 소란스런 테이블 방관하던데 음식이 어디로 들어가는지 정신이 하나도 없었습니다
4.0,1,메뉴 등 우수 서비스 불만
4.0,1,맛도 괜찮고 구워주시면서 친절한 가게인 것 같아요 추천드려요
5.0,1,차돌삼합과 차돌 초밥 날치알 볶음밥 된장라면까지 너무 맛있게 잘 먹었습니다 
5.0,1,차돌삼합을 먹었는데 일일이 구워서 삼합을 조합해 주셔서 맛있게 잘 먹었습니다 감사합니다
5.0,1,진대감 삼합세트 혼자서 인분도 가능할거 같다 개인적으로 와사비 얹어서 장아나 백김치랑 먹는게 제일 굳 기름장에 푹 찍어 먹는 키조개 날개도 굳 그냥 진대감은굳굳
5.0,1,넘 맛있어요진대감 최고
5.0,1,고기먹는 방식이 창의적이었고 맛도 너무 맛났어요 만족했고 재방문 의사 입니당 
4.0,1,예약대로 잘 먹었습니다
5.0,1,서비스도 주시고 방도 주시고 좋았어요고기맛도 최고
5.0,1,늘 맛있게 먹고 갑니다
5.0,1,고기퀄러티도 좋고 아주 즐거운 식사를 했습니다 조용한 가족모임에 좋을 듯 합니다 그리고 육회는 슴슴한 양념으로 바꿨던데 입맛에 아주 잘 맞았어요 늘 감사드립니다
5.0,1,후기는 처음 남기네요바쁠때는 고기도 직접 구워야하고 주문도 늦게 나오지만 불편함 느낀적 없어요 그이상의 맛과 품질로 늘 다시 찾게 됩니다
3.0,0,고기 질은 좋았습니다 다만 종업원 분들의 응대가 느리고 지난번엔 고기를 직접 구워주시기도 했던것 같은데 이번엔 안 구워주시더라구요 물어보니 손님이 몰려서 바빠서 그랬다고 하시는데 식당엔 저희 말고 두팀인가만 더 있었는데 얼마나 바쁘셨던건지 모르겠습니다 가격에 비해 서비스는 높은 점수는 못 주겠네요
5.0,1,늘 만족스런 응대에 감사합니다
4.0,1,자주 가는곳인데 친절하고 맛이 좋은 집입니다가성비 좋고 모임하기 좋은  맛좋은 집  함 가보시길 추천합니다
3.0,0,추웟어요 고기 외에는 별로에요
1.0,0,고기질과 육전은 좋다다만 한우손님 돼지고기 손님을 차별한다돼지손님은 주차불가네이버예약시 약속한 간장게장보리굴비를 돼지손님은 주지 않는다예약정보에 돼지손님은 서비스 없다는걸 명시해서 낚이는 손님은 없어야 된다고 생각한다불판이 검댕이가 있어 교체를 했는데 똑같은 것이 또 나와 하는수 없이 내가 불판을 휴지로 닦고 고기를 구워 먹었다명성에 걸맞지 않은 점례네다
3.0,0,만족했습니다 맛있어요
2.0,0,족발 간이 좀 짠듯 합니다
5.0,1,네 서울대 족발이 그냥있는말이 아니네요  막국수도 너무 맛있게 잘 먹었습니다
5.0,1,고기가 매우 부드럽고 짜지 않아 좋네요
4.0,1,역시 명불허전 맛집족발은 역시 검증된곳에서내가 배고픈건지양은 아쉽 
4.0,1,역시 최고입니다
5.0,1,명불허전 입니다  정말 맛있고 즐거운 시간 보냈네요
4.0,1,음식이 매우 맛있었습니다
5.0,1,족발은 당연하고 막국수도 핵존맛
4.0,1,맛있어요 근데 너무 시끄러워요
5.0,1,직원분들 완전 친절했고요 고기는 입에서 녹았습니다 진짜 맛있었어요
5.0,1,가족 모임이었는데 고급스러운 분위기에 차분하게 식사할 수 있어서 만족하였습니다 음식 응대 모두 훌륭했네요 원래 다른 지점을 자주 갔었는데 강남점이 위치도 좋고 앞으로 자주 방문해야겠어요
5.0,1,미팅하면서 저녁식사 진행하였습니다 빔프로젝트 설치할 공간도 충분해서 고기를 맛있게 먹으면서 미팅을 진행할 수 있었습니다 만족스러운 자리였습니다
5.0,1,직원분들이 친절하고 좋았습니당 
5.0,1,부모님이랑 같이 갔는데 너무 좋아하셨어요 여전히 맛있고 서비스도 좋아요 가격이 올라서 눈물이 나지만 나중에 돈벌어서 또 갈게요
3.5,1,깔끔하고 괜찮아요고기는 가격에 비해 좀 아쉽긴 함콜키지 프리가 좋음
5.0,1,친절하고 맛있어요 
5.0,1,고기가 매우 맛있었습니다
5.0,1,예약하고 가니 빨리 자리 배정 받고 좋네요 다음에도 또 예약하고 가야겠어요 
5.0,1,스페셜 인 일반식사 물냉 깍두기볶음밥 먹었습니다고기는 맛있구 직원분이 직접구워주셔서 편했습니다
5.0,1,맛  막창 특양 강추드립니다      부드럽고 둘이 같이 먹으면 훨씬 맛있습니다      양밥도 강력추천 계속 땡기는 맛이에요 누룽지가 굿청결 및 서비스  가게가 깨끗하고 서빙하시는분도 엄청 친절했어요맛 등 모두 만족스러운 식사특히 에어드레서가 있어서 좋은듯합니다
2.0,0,맛도 가격도 크게 어디가 매력인지모르겠음
5.0,1,너무 맛있게 잘먹었습니다강남에서 이가격에 이정도라니 진짜 가격보고 두번놀랬습니다
4.0,1,가격은 낮췄지만 어차피 인분부터주문해야되는게 아쉬움  근데 맛있음
4.5,1,여기는 대창이 진짜 정말 너무너무 맛있음막창보다 대창 많이 드세요대창을 입에 넣는 순간입 안에서 사르르 녹아 없어짐네이버예약해서 염통 서비스로 주셨는데 너무 좋았음생각보다 막창은 별로라서 는 뺐어욤근데 대창이 진짜 너무너무 맛있음또 가야디
5.0,1,양이랑 대창 같이먹으면 더 맛있으니 처음부터 같이 한번에 시켜보세요사장님이 고기 너무 맛있게 구워주시고 같이 나오는 물김치상추겉절이도 너무 맛있었습니다
4.0,1,방문한날 사람이 별로 없어서 괜찮았는데사람많으면 시끄러울듯맛은 있는데 대창이 조금 짜고 양밥은 많이 짬직원들은 다 친절해서 좋고자리앉으면 물부터 가져다주셨음 좋겠음
5.0,1,굳굳 맛있고 쾌적하고 언제나 성공하는집
4.0,1,굉장히 친절하시고 양은 맛있는데요 대창이 좀 질겨요 익히는 방식이 잘못된건지 좀 아쉽네요
4.0,1,맛있었긴 한데 청계산 점이 더 맛있었어요
5.0,1,분위기 고급스럽고 고기도 맛있고 서비스도 좋네요
4.0,1,고기가 맛있었고 테이블이 최첨단이라 흥미로웠습니다다만 후식은 약간 종류와 맛이 아쉬웠던 것 같습니다
5.0,1,식당도 깔끔하고 고기도 맛있어요
3.5,1,인분  원에 비해 고기양이 적고 생각했던 두툼한 고기가 아니라 아쉬웠지만  바쁜 매장 틈에서 나름 친절했다 생각해요
5.0,1,자리도 많고 깨끗하고 고기도 맛있었습니다 사람이 많아서 그만큼 검증된 맛집이기도 합니다 조금 시끄러운 것 빼고는 다 만족스럽습니다 추천해요
4.0,1,내부시설 쾌적하고 고기 구워줘서 좋네요
5.0,1,맛있어요 점심정식 가성비 좋아요
5.0,1,프라이빗하게 먹을 수 있는 개별룸이 있어서 너무 좋아요연기도 안나고 냄새도 배지않아서 더 좋아요고기맛도 너무 맛있어요된장찌개 냉면 어느하나 맛이 없는게 없어요다음에 또 방문할게요
4.5,1,친절하게 서빙 해 주시고 고기까지 구워 주셔서 맛있게 잘 먹었습니다 
5.0,1,직접 고기 구워주고굽는 냄새도 적고고기도 맛있고넓지만 소음이 크지 않아회식이나 모임자리 하기 좋은 곳인것같아요
5.0,1,강남역 최고의 약속 장소인거 같아요 월 네이버 예약 이후 다시 방문했는데 직원분들 모두 매우 친절하시고 이전보다 더욱 좋아진 거 같아요 매니저님 바뀌신건가 덕분에 기분 좋은 금요일 보냈어요
4.0,1,친절 서비스도 좋았어요별하나 뺀것은  고기 안구워주는 곳인줄 몰랐어요 가격대가 있는 곳이니 당연히 구워주시는줄
5.0,1,프로모션을 하고 있어 친구들과 같이 갔는데 식사 중간중간 계속 신경써 주시고 프로모션 서비스도 친절히 안내해주셔서 즐거운 시간이었습니다
5.0,1,테이블 매니저님 너무 친절하시고 잘 챙겨주셔서 편안히 잘 먹었어요 음식도 아주 맛있었습니다
5.0,1,맛있어요 친절해요 아주 좋아요 원래 삼성동 고든점인가 거기 단골인데 요즘 여기 더 자주 가요핸드폰으로 식사메뉴 할인 해준다는 문자 받았는데 깜빡하고 안썼네요
5.0,1,예약 때 부터 매니저분이 정말 친절하셨습니다혜택도 다 챙겨주시고 갈때 마다 즐겁게 식사 할 수 있는 곳 같습니다
5.0,1,점심시간 쾌적하게 잘 다녀왔어요 매장 깔끔해요
5.0,1,서비스도 좋았고 음식도 다 너무 맛있게 잘 먹었습니다
5.0,1,맛있었어요 서비스도 좋았어요 
5.0,1,자리 간격이 넓어서 좋았어요
4.0,1,미리 예약하고 가서 더 편하게 먹었어요족발이랑 보쌈도 맛있었어요
4.0,1,보쌈이랑 쟁반국수 맛있었어요
3.0,0,음식은 맛있어요 칼국수도 개운하고 깔끔한 맛입니다대신 인이면 메뉴개 시켜야한다고 오자마자 그얘기부터 하시고 반찬멀어서 다른쪽도 달라고했더니 메뉴개당 개만된다고 안 주셨어요추가메뉴 시키니 그때 반찬하나 더 주시더라구요계산할때도 네이버 선결제금액 포함해서 금액얘기해서 메뉴 하나는 선결제했다고 빼고 계산했습니다
4.0,1,나쁘지 않았어요 사람이 많은게 아니었음에도 주문이 종종 누락되는건 아쉬웠습니다
5.0,1,항상 맛있고 친절한 서비스에 고맙습니다
4.0,1,맛있습니다
5.0,1,많은 인원을 수용할 수 있어서 너무 좋았습니다인테리어도 깔끔하고 좋은 분위기에서 좋은 사람들과 즐거운 시간을 보낸거 같아요다음에 또 예약 방문할게요
5.0,1,맛있게 잘 먹었습니다 감사합니다
4.0,1,잘 먹었습니다
5.0,1,강남에서 족발 생각나면 가는 곳불족발주먹밥 최고
4.0,1,깔끔했습니더
5.0,1,완전 맛있었어요
5.0,1,너무맛있었어요 서비스도 최고
5.0,1,너무 친절하시구 맛도 너무 좋아요 
5.0,1,쫀맛탱 사장님도 넘 친절하심다 껍데기가 신으 한수네유
4.0,1,더웠던것 빼곤 좋았습니다구석이라 너무 더웠구요 목살이랑 껍데기가 맛있어요
4.5,1,목살 육즙많고 맛있네요
5.0,1,지난주에 방문했었는데 이제야 리뷰남깁니다불금이라 차가 막힐걸 알았는데 예상보다 더 늦었어요한시간이나 지각했는데 일산에서부터 갔다니까 껍데기랑 김치찌개 서비스 주셔서 너무 맛있게 잘먹었습니다 껍데기 예술이었고 김치찌개에 밥말아 먹느라  맛난 쫄면남긴게 젤 아쉬웠어요 목살은 스테이크 먹는 것처럼 식감이 좋았고  쫀득살은  진짜 쫀득하고 맛있어서 인분 추가했네요반찬이며 나온 양념들이 최고여서 뭘 찍어먹을지 고민스러울 정도였어요껍데기 서비스까지총 인분을 딸이랑 먹어치웠네요 또가고싶어요진짜친절하신 직원분들 깨끗한 매장까지 맘에 쏙 들었거든요무엇보다 맛이
5.0,1,와 엄청 맛있네요 비싼게 이유가 있구나 목살 쫀득살 
5.0,1,완전 맛있엇어요
5.0,1,분위기 맛 친절도 다 좋아요  기념일이나 맛있는 거 대접하고 싶을 때 가셔도 좋을 것 같습니다
4.0,1,너무 맛나구 좋았어요 또 갈께요 
0.5,0,저녁 예약인데 시에 전화와서 앞에 예약이 있어서 늦어질수도 있다고 통보하는 개념 없는 식당
4.5,1,가격이 싸진않지만 바 같은 분위기에 인테리어테이블테이블세팅 모두 정갈하고 강남역 근처에서 양갈비 이정도 분위기에서 먹을 수 있는 곳은 여기 뿐일듯서버분들도 모두 친절하시고 맛있게 구워주시고밑반찬들도 맛있고 두번째 방문이었는데 또 또 재방문의사 프로 꼭 예약하고 가세요입소문났는지평일 저녁에도 만석이더라는
4.5,1,늘 만족해요
5.0,1,일요일 오후에는 바쪽에 사람들 조금 있는 편이고 홀에는 전체적으로 사람들이 없어서 조용하고 좋아요 서비스도 좋구 무엇보다 고기가 잡내도 안나고 너무 맛있었어요 고기 상태도 좋구 양도 적절한거 같아요 와인만 콜키지 프리여서 두병 가져갔구생일날 좋은 시간 보내고 왔어요
5.0,1,이미 알고있던 곳이라서 기대하고 갔고 만족했습니다 양고기도 다 맛있었어요 살치살도 추가로 시켰는데요 맛있는 점심이었어요 토요일 점심엔 런체 스페셜이 안되는걸 몰랐었지만 맛있게 먹었으니까 만족해요 제주 맥주도 너무 맛나서 낮술을 하게 되었네요 다 친절하시고 맛나게 구워주셔서 너무 좋았습니다
4.5,1,깔끔하고 정갈한 곳이었어요 친절하게 그워즈시고 좋았습니다다른 점도 방문해보고싶어요
5.0,1,맛도 서비스도 분위기도 다 좋았어요
5.0,1,조용하고 점심 메뉴도 훌륭 추가로 시킨 양갈비도 맛났습니다 생맥주도짱
5.0,1,저녁엔 역시 고기가 최고인것 같네요하룻동안 받은 스트레스 해소되는 느낌역시 맛있는게 최고
5.0,1,친절하게  굽는것도 도와주시고고기도 완전 부드럽고 맛있는데 가격도완전저렴
5.0,1,기분안좋을때 미테리언 고기먹으면 기분이너무 좋아지네요 고기가격도 착한데맛도좋아요
5.0,1,항상 맛있게 잘먹고 가요 
5.0,1,맛있게 잘 먹었습니다분위기도 고급지도 고기상태도 아주좋았네요
5.0,1,월급받을때마다매일 가는 미테리언최애 고깃집이예요
5.0,1,고깃집은 다 같다고생각했는데아니네요 미테리언은 진짜 너무 맛있어요
5.0,1,고기가 너무  맛있고 인테리어가 너무 이뻐요 먹기 너무 편했어요 잘 생긴 사장님이 음료를 서비스로 많이 주셔서 진짜 잘 먹고 갔어요  
5.0,1,맛있어요 고기 밑반찬도 잘나오고된장찌개랑 김치가 너무 맛있어서 밥도 뚝딱 하고 왔어요
5.0,1,저의 원픽 고깃집이예요 너무 잘나와서매일 가고싶은곳이예요잘 먹었어요
5.0,1,맛있고 서비스도 좋았습니다
5.0,1,만족스러운 식사 서비스 뚝빼기 전골까지 너무너무 완벽 자체였고볶음밥은 역대 먹어본 볶음밥 중 제일이엇어요 재방문 의사 잇음있음
5.0,1,맛있게 잘 먹었습니다
5.0,1,맛있고 너무 친절해요
5.0,1,역시나 맛있게 먹었어요 
5.0,1,
5.0,1,곱창맛집이에요 깍두기볶음밥도 굿 자주 방문할수밖에 없는 곳이에요
5.0,1,곱창에 곱이 많아서 계속 먹게 되네요너무 맛있어요
5.0,1,이제 단골되서 음료서비스 받음 진구 짱
5.0,1,진구곱창 믿고 찾는 단골식당입니다 맛으로 정성으로 최고의 곱창 맛집이며 애정하는 곳입니다
0.5,0,너무 북적북적하고 벨 눌러도 알바들이 불친절했어요 바닥관리도 제대로 안돼있구요
4.0,1,고기 배터지게 맛있게 먹고왔어요낮술하기 딱 좋네요
4.0,1,곱창에 곱이 많고 염통 곱창 둘다 맛있었어요불을 가장 약하게 했는데 불이 센지 기름과 곱이 사방으로 튀더라고요그래도 셀프바도 잘 구성되어 있고 가격도 저렴했어요할인 받아서
4.0,1,가격대비 괜찮아요 고기도맛있어요
3.5,1,네 다 좋았는데 바닥이 너무 미끄러웠습니다 뭐 여러가지 음식 하셔서 이해되지만다른 손님들도 느끼셨을거에용그외엔 괜찬았습니다
4.0,1,회식하기 좋은 장소 고기가 꽤 괜찮아서 맛있게 먹고 왔어요 된장찌개는 조금 별로
3.0,0, 더울때라 그런지 구석자리는 정말 더워요 바닦 너무 미끄러워서 잘못하면 넘어질것같아요
3.0,0,젤 싼거드세요곱창류는 별로그나마 우삼겹이랑 삼겹이 나음고기질은 쏘쏘
4.0,1,무난하게 괜찮았습니다
4.5,1,친철했어요
5.0,1,고기가 너무 맛있어용 한상구성 최고 저는 묵사발이 최애입니다 담에 남자친구랑 또 올게요
5.0,1,많도있고 서비스도 최고에요
5.0,1,자주 오는 곳인데 서비스고기맛 최고
5.0,1,밑반찬도 다양하게 잘나오고 서비스도 많아서 좋습니다 계란찜도 맛맛 담에 또 올게여
4.5,1,맛있게 잘먹었어요
5.0,1,여긴 최고에요 강력하게 추천합니다 최고존맛탱  강력히 추천
5.0,1,네이버로 예약 처음해봤는데 생각보다 괜찮네요 음식의 질은 물론 서울에서 정말 착한가격으로 배부르게 먹을 수 잇어서 넘 좋았어요 번창하세요후식까지 맘에드네요
5.0,1,세번째 재방문입니다역시 올때마다 푸짐해요기본찬도 많고 맛있고 고기도 푸짐푸짐 너무 맛있어요후식으로 아이스크림도 진짜 롯데리아 아이스크림보다 맛있습니당다음에도 또 올께요
5.0,1,너무 맛있어요 고기도 좋고 밑반찬으로 나오는 것도 다 맛있네요 교대역에서 고기집갈거면 항상 이곳으로 올 것 같애요 회식장소로도 아주 좋아요
4.0,1,첫 방문이었는데 직원분들도 친절하고 음식도 너무 맛있었어요다음에 또 가고 싶네요
5.0,1,고기 맛있고 직원분들 친절합니다
5.0,1,부담없이 맛있게 가성비 좋게 질 좋은 소고기를 먹을 수 있는 곳이예요 점심에 소고기에 와인 한잔 곁들이니 어느 레스토랑 부럽지않은 분위기도 너무 좋았네요
4.5,1,분위기드 좋고 맛도너무맛있었어요
5.0,1,가격도 좋고 고기 맛도 훌륭했습니다
5.0,1,가게 내부 분위기가 글램핑느낌나는 전구들로 꾸며져있어서 아늑하고 좋아요테이블수는 의외로 많아서 옆테이블과 거리두기하면서 식사할 수 있었습니다 고기도 가격대비 질이 좋아서 만족한 식사하고 갑니다
1.0,0, 만족
5.0,1,분위기도 좋고 가성비 좋은 강남 소고기 맛집입니다 와인도 저렴하서 소고기에 와인까지 맛있게 먹고 왔네요
4.5,1,맛도조코 다좋아요
5.0,1,사장님이 맛있고 고기가 친절해요
5.0,1,강남 고기꾼 김춘배는 언제나 맛있습니다좋은고기  친절한 서비스 등 모든게 만족이었어요재 방문의사 있으며 다시 네이버 예약할거에요 
2.5,0,염통 막창 쫄깃하니 맛있었어요곱창을 좋아하고 대창은 안좋아하는 편인데곱창이 대창스럽네요 지방 제거가 거의 안되어있어서 좀 느끼했어요
5.0,1,사장님도 친절하시고 조용하니 좋았습니다다음에 또 방문하겠습니다
5.0,1,주인아주머니가 굉장히 친절합니다곱창 김치말이국수 날치알볶음밥 맛있었어요
5.0,1,친절하세요 음식도 맛있어요 
5.0,1,친절하고 조아용
5.0,1,좋았습니다
5.0,1,맛있었고 친절했습니다
4.0,1,맛잇엇어요
5.0,1,사장님이 잘 챙겨주시고 필요한건 없는지도 물어봐주셔서 서비스도 좋고 맛있게 잘 먹고왔어요
4.0,1,곱창대창 맛있었어요 만족합니다
4.0,1,매장이 좀 시끄러운 것 빼곤 완벽
5.0,1,고기도두껍고 직접 구워주시고 맛있었어요
5.0,1,고기를 먹기좋게 구워주셔서 편해요 무엇보다 너무 맛있어서 즐겁게 먹고 마시고 왔습니다 회식할 때 또 올게요
4.5,1,고기 맛이 좋았어요 고기도 친절하게 구워주셔서 지인과 더 많은 이야기를 나눌 수 있었어요
4.0,1,맛있구 서비스 좋았어요
5.0,1,맛있어요
5.0,1,세 번째 방문입니다 맛나요
3.0,0,회식하기엔 좋은거같아요
4.5,1,반찬도 맛있고 깔끔해서 항상 애용해요 특히 크림리조또 너무 맛있어요 이전에 주던 오뎅탕도 맛있었는데 아쉬워요처음에 준 삼겹살이 반이상이 기름이어서 말씀드리니 빨리 바꿔주시고 정말 서비스도 너무 좋았습니다점 깍은건 고기가 양이 적고 질긴 부위가 있었기 때문이예요 일인분 양이 매우적어서 인분이 당연 인분인줄알았어요 그리고 삼겹살이 너무 질겨서 모두들 삼겹살은 추가하지 말자고 얘기가 나왔어요항정살과 가브리살은 정말 맛있어요그래도 너무 맛있어서 다시 갈거예요 
5.0,1,친절하고 맛있습니다 자주 올게요
5.0,1,너무배고파서 맛있게먹느라 정신없어서 다 먹고 사진찍어서 사진이 뱔루네요 퀄리티좋고 맛있어요
5.0,1,고기도 너무 맛있고 너무 친절하세요 고기 상태도 정말 좋아서 부들부들하고 너무 맛있게 잘 먹고 왔어요
5.0,1,진짜 최고 혜자 대혜자 죤맛탱맛집이에요육회도 냉면도 맛있어용
5.0,1,감격시대 저 처음왔는데 잘 먹고 갑니다 사장님이 이벤트 하나 끝내주게 해주시네여 와우
4.5,1,직원분들 친절하시고 고기도 맛있어요 밑반찬 기본제공으로 다양하게 되서 좋아요
5.0,1,소개받고 처음 가는데 기대 이상이였어요 앞으로도 종종 가야겠어요이모님들 사장님들 너무 친절하고 깨끗해요
5.0,1,큰아들과 방문후 작은아들 데리고 재방문질 좋은 고기 숯불에 구우니 완전 맛나요반찬도 깔끔 또 올거예요
5.0,1,감격시대 자주 오는데 맛있고 푸짐하게 잘 먹고갑니다
5.0,1,고기가 저렴해서 고기 외에는 크게 기대하지 않고 갔는데 밑반찬도 정말 푸짐하고 서비스도 좋았어요  자주 갈 듯
5.0,1,네이버에서 찾아보고 처음 예약해서 방문했는데 좋았습니다 음식도 맛있고 친절하게 잘 해주셨어요
3.0,0,생각보다 시끄러웠고 주문을 세 네번할정도로 소통이어려웠습니다 
5.0,1,맛도좋고 분위기 도 너무좋네요 또오겠습니다 
5.0,1,진짜 여기 존맛탱이에요 제발 가세요 근데 목살은 노 너무 퍽퍽해
5.0,1,역시 맛과 서비스 모두 만족스러웠습니다 착한 가격은 덤 이구요 
5.0,1,진심 인생맛집이네요직원들도 넘 친절해욤담에 또갈게요
5.0,1,테라스두 있구 좋았어요  맛두 가격두 백점이네요 감사합니다 
5.0,1,모임하기 좋습니다
3.5,1,청첩장모임위해 이용했어요 분위기 나쁘지않고 음식도 적당하긴한데고기집인데 된장찌개가없고 동치미국수가 가격대비 너무별로
4.5,1,가격 적당하고 기본 서비스로 계란찜 김치찌개도 맛나요
4.5,1,서비스도 좋고 분위기도 좋고 일단 맛있어요
5.0,1,갈빗살맛있었구요 강남역 중심가에서도 바깥쪽이라 비교적 한적하고 너무 좋았습니다
4.0,1,맛나요가격은 조금 덜 착해요
5.0,1,정말 너무너무 맛있는 가게에요  벌써 두번째 다녀옵니다당연히 갈빗살은 너무 맛있구요 비빔냉면도 너무 맛있습니다  엉엉 다음에 또 갈께요
5.0,1,한우 갈빗살 최고의 맛집 입니다
5.0,1,맛있네요 층 홀서비스도 훌륭하구요
4.0,1,회식으로 갔는데 가게도 깔끔하고 맛도 좋았습니다 
5.0,1,항상 잘 이용하고 있습니다
5.0,1,오랜만에 모임으로 방문했습니다 참석해주신 분 다 맛있다고 만족하셨어요코로나때문에 위생에 더 신경쓰는 모습이 보여서 안심하고 먹을 수 있었습니다지하주차장있다는거에 다들 감동하셨어요
3.5,1,맛있게잘먹었습니다
5.0,1,한우 특갈빗살 매우 맛있어요
5.0,1,고기를 맛있게 잘 구워주셔서 좋은 시간 보내고 왔습니다
4.5,1,맛있고 서비스도 다 좋은데 다소 양이 작네요
5.0,1,진대감 두번째인데 역시 차돌삼합 짱 맛있네요
4.5,1,잘먹고갑니다
1.0,0,예약했는데 따로 자리 없이 입구쪽 빈자리 앉으라고 하셔서 별루였어요 
4.5,1,음식이 맛있습니다 직원분들도 대부분 친절하셨어요
5.0,1,직원분들이 친절하시고 다 구워주셔서 편했어요 맛있네요 차돌삼합
5.0,1,맛있고 친절한 진대감입니다
5.0,1,친절하고 맛있었습니다
5.0,1,차돌삼합이 맛있어서 만족합니다
5.0,1,너무 맛있게 잘 먹었네요 직원들도 친절하고 마지막 아이스크림 디저트까지 완벽한 식사였습니다 고기는 조금씩 나와서 여러부위를 먹을 수 있다는 점이 가장 좋았네요
3.5,1,명이 예약하고 마감후 시 직원님들 모시고 고고씽가격대비 넘 잘먹었다고 직원들이 조아라 햇어요너무나 친절한 사장님 그리고 직원분들늘 변함없는 써비스
5.0,1,고기도 맛있고 친절하세요 다시한번 가서 이번엔 오마카세로 먹어보고 싶네요
2.5,0,다양한 부위의 소고기를 무제한으로 먹을 수 있다는건 좋지만 생각보다 고기가 맛있진 않았어요소고기 특유의 씹엇을때 고소한 맛이 거의 없었습니다 그래서 소스나 소금을 찍어서 먹다보니 되게 짜게 먹은 것 같네요그리고 식당 시스템상 너무 정신이 없어서 이건 단점이네요 또 먹으러 갈 것 같진 않아요
4.0,1,무한리필 소고기중에 제일 맛있게 먹었어요 고기 질도 생각보다도 좋았구요 다만 너무 바빠서 그런건지 주문을 하면 바로 안갖다주고 번정도 다시 주문해야 가져다주는 경우가 여러번 있었어서 아쉬웠어요 예약하고 갔는데도 자리가 바닥이랑 의자가 청소가 안돼있었던것도 너무 아쉬웠구요알바분들이 많은데 뭔가 체계적으로 돌아가지 못하고있는 느낌이었어요
3.0,0,맛은 잘모르겠지만  너무친절하셨어요 
5.0,1,고기와 밑반찬들의 구성이 굉장히 좋았어요사장님으로 보이는 분들을 비롯하여  직원들 모두 굉장히 친절하셨습니다금요일 저녁에 예약하고 방문했는데 예약안했으면 못 먹었을것 같아요 웨이팅 굉장합니다 예약하고 방문하시길 추천드리며 주차는 다소 불편했습니다강남쪽은 아무래도 주차가 복잡하니까 처음부터 예상하고 방문했습니다
3.5,1,직원들도 친절하고 매장이 깨끗해서 좋았어요저녁시간에 사람 많으니 예약하고 가는게 좋아요
5.0,1,회사에서 회식할때 종종 가는곳인데 가성비 정말 좋고 눈치안보고 맘껏 먹을수 있어서 더 좋은거 같아요 이번에 남친이랑 와서 엄청 잘 먹고 가욤
5.0,1,손님들 정말 많았는데도 직원분들 활기차게 친절하셔서 넘 좋았어요 무한리필로 많이 못먹을거 같아서 오마카세로 주문해서 먹었는데 구성도 너무 괜찮고 양도 정말 많았습니다 생고기부터 양념고기까지 다양하게 먹을 수 있어서 좋았어요
4.5,1,늘 깔끔하고 맛있어요
5.0,1,분위기도 고급스럽고 한우도 너무 맛있어요 정말 맛있는 부위 잘 주시더라고요 그리고 직원분들도 너무 친절하세요 맛있게 잘먹었습니다
5.0,1,언제나 최고에요
5.0,1,감사합니다 잘먹었습니다
5.0,1,점심 회식으로 가기 딱 좋아요 개별 룸 있어서 편하네요
5.0,1,서비스 훌륭하고 고기도 좋았습니다접대하기 좋은 식당입니다
5.0,1,주물럭이나 불고기 같은 런치세트 메뉴들이 다 괜찮아요  반찬도 정갈하게 나오구요 예약해서 그런지 조용한 룸에서 식사할 수 있는점도 좋았습니다 
5.0,1,고기도 넘 맛있었고 직원분들 서비스도 친절해서 매우 만족했습니다
4.0,1,친절하고 맛있어요
5.0,1,친절 깔끔 좋습니다
5.0,1,고기도 구워주고 맛있었어요 사람이 많아서 시끄럽긴했지만요
5.0,1,고기 맛있게 잘 구워주고 항아리 냉면 볶음밥도 맛있었어요또 가도록 하겠습니다
5.0,1,삼겹살 완전 맛있어요 꼭 예약하고 방문하시길
5.0,1,불판 온도 직접 맞춰서 구워주시고 맛있게 먹었어요
4.5,1,맛있게 잘 먹었습니다 감사합니다 
4.0,1,네이버 예약하고 갔는데 예약이 안되어있다고 하시더라구요예약된 화면 보여드렸는데도 안되어있다고 하셔서 당황했습니다 다행히 바로 자리가 있어서 들어가긴 했지만 이럴거면 네이버예약은 막아두시는게 낫겠다 싶었어요 혹시나 예약하실분들은 그냥 전화로 예약하시는게 확실하고 나을 것 같습니당고기는 맛있었어요 직접 구워주시고 해물라면까지 먹으니까 완벽하더라구요
4.5,1,괜찮아요 고기도 잘 구워주셔서 덕분에 맛있게 먹었습니다 사람들이 많을땐 좀 시끄러워서 그거 빼곤 만족합니다
5.0,1,맛도 최고고기질도너무좋고 맛있었어요
5.0,1,항정살이 통으로 나와 정말 맛있었어요
3.5,1,가고 싶네요
5.0,1,정말 좋은원육의 한우를 맛볼수 있었던곳가격도 굉장히 좋고 직원분들도 친절했습니다고기도 좋지만 서비스로 나온 육회도 수준급더 바른 정육식당 답게 이름값 하는곳 이었습니다
5.0,1,고기도 맛있고 분위기도 좋고 즐거운 시간이였습니다 사장님도 친절하시더군요
5.0,1,고기도 맛있고 직원분들도 친절해서 좋았어요 각 테이블이 좀 프라이빗하게 나눠져 있어서 더더 좋았습니다
5.0,1,굳굳 맛 좋고 서비스 매우좋음추천할만함사장님 서비스도 매우좋음 
4.0,1,가계가 정말 깔끔하고 분위기도 좋습니다그리고 음식도 하나하나 맛도 좋고 질도 좋았습니다 서비스도 하나하나 섬세하고 친절하게 챙겨주셔서 너무 좋습니다
5.0,1,맛있게 잘 먹고 왔습니다콜키지프리에세트메뉴까지 좋았어요
4.5,1,친절한 서비스뛰어난 맛비싼만큼 충분히 갑어치 합니다덧살붙여서 나온것고없고 지방제거도 잘되어있네요하나아쉬운건 첫번째판에 등심이 채끝쪽에 가까윤게 나와서 아쉬웠네요 이건 어쩔수없겠지만요
4.5,1,맛있고 분위기도 좋습니다
5.0,1,코로나로 손님은 없었지만 고기의 상태과 좋고 서비스가 좋습니다오랜만에 좋은 고기를 먹었습니다구워주셔서 감사합니다
5.0,1,맛있고 친절하셨어요 추천합니다
5.0,1,조용하고 맛있고 친절했어요 
5.0,1,사장님도 친절하시고 곱창도 맛있어요
5.0,1,직원 몇분들이 굉장히 친절하세요
5.0,1,강남역점 곱창고 다른데보다 가격도 싸고 개인적으로 양념댄 곱창을 좋아하는데 너무 직원분들이 알아서 잘라주기때문에 너무편했어요 번창하세요 
5.0,1,사람이 많은데는 다 이유가 있는것 같아요 맛있게 먹었어요 그리고 가격도 전보다 내려갔네요 직원들도 친절하고 좋아요 또 방문하고싶어요
5.0,1,날씨가 쌀쌀해져서 대낮부터 곱창먹으로 갔는데 맛있었어용곱창고는 뭐 실패는 없는 곱창집이라가게도 깔끔했고 식기도 깨끗해서 좋았어욤직원분들도 친절해서 만족쓰
5.0,1,망년회 사람들이 곱창을 좋아해서 곱창고 갔는데 양도 많고 값도 싸고 맛있어요  직원들도 친절 하고 그리고 돈이 아깝지 않고 남녀노소 할거 없이 다 잘 먹으니 좋아요 번창하세요 
5.0,1,곱창고 좋아해서 여러군데 가봤지만 강남역 곱창고가 회전율이 좋아서 그런지 곱창이 잡내없이 신선하고 곱도 가득해서 너무 만족했어요직원분들도 너무 친절하고 서비스가 좋아서곱창고 강남역점 강추 합니다
2.0,0,모둠 천원비싼메뉴 인인데 일단 기본적으로 대창막창 이것저것 나오는건 좋았고 맛은 나쁘지 않았지만물이 너무 많이 나옴 흘러넘치다못해 폭포수 인줄 곱창에 이렇게까지 물이 많이나올수도있나 싶고 무게증량을위해 물이머금은건 아닌가 싶을정도임 또 양이 없음 엄청 쪼그라들어서 사진에 나온거 반도 안됨그리고 볶음밥은 생각해도 좀 어의가 없던게 볶아주는게 아니라 이미볶아나온 옛날도시락김치볶음밥을 얹어주고 끝곱창먹을때 볶아주는 서비스가 캐바캐 이겠지만 이런게 일절없어서 아쉬웠음 두번은 안갈듯
4.0,1,친절하시고 저렴하고 맛있어요
3.0,0,맛도좋고 서비스도 좋지만양은 적고 시끄럽습니다그래도 재방문은 오키오키
5.0,1,만족만족 만족만족 만족만족 
4.0,1,맛있어요단독룸이라 요즘같은때에 좋았고팀회식 즐겁게 했습니다
4.5,1,강남점 첫 방문인데 넘나 좋았어요 남편 생일 기념으로 갔는데 서비스도 챙겨주시규 담에 또 갈예정이에요 
5.0,1,깔끔하고 조용하곳으로 해주셔서 잘 먹고 와습니다맛도 맛있었어요 가격은 좀 센편이죠
5.0,1,항상 맛있네요 친절하게 구워주셔서 더 맛있고 편합니다 
4.0,1,가격은 비싸지만 맛은 있어요
5.0,1,직원분들이 엄청 친절하시고 맛났어요
5.0,1,매우 맛있었습니다 서빙해주시는 분도 친절하시고 신경 많이 써주셨습니다 실내도 쾌적했습니다 코로나 영향인지 손님이 다소 적어보였는데 손님 입장에서는 더 좋았습니다 동네 거주자인데 자주 갈 계획입니다 더욱 번창하기를
5.0,1,남편 생일이라 전날 급하게 예약했는데도 와인이랑 서비스 챙겨주시고너무너무 맛있게 잘 먹고왔네요 서비스 최고에요
4.5,1,점심시간에 가서 통문어갈비탕을 먹었는데 대만족
4.0,1,손님이 너무 많아서 그런지 고기 구워주시긴 하셨지만 디테일하게 신경써주시지는 않더라고요  그래도 고기는 맛있었습니다
4.0,1,맛있는데 가격은 쎈 펀
5.0,1,어멍세트랑 오겹살 돼지껍대기 먹었는데 맛있어요 깔끔하고 고기구워주셔서 편해요 모임하기 좋은것같아요
5.0,1,맛있고 좋았어요
5.0,1,쾌적한 분위기 깔끔한 맛 매우만족합니다
5.0,1,맛있고 누룽지도 맛있었어요 다음에도 가고싶네요
4.0,1,좋습니다 맛듀 좋고손님이 몰리면 신경 좀 못써주신건 살짝 아쉬웠어용 
5.0,1,고기 너무 맛있어요 다음에 또 갈게요 구워주셔서 편하고 반찬들도 다 맛있어요 
4.5,1,음식은 좋았어요 구워주시고 좋았어요는 명 예약하면서 같이 앉을수 있게 해달라고 적었는데 명명 으로 배치가 되있어서 뺐어요 결국 명이 와서 명 테이블에 같이 낑겨앉았지만 같이 앉을 최대 인원수는 명인거 같네요 
5.0,1,김치볶음밥까지 싹 다 먹어치웠습니다 항상 맛있어요
5.0,1,맛있어요 맥주가 좀 시원했음 좋겠어요
5.0,1,가장 맛있는 족발 항상 맛있어요
3.5,1,일전부터 예약을 하고 갔는데요예약해둔 자리에 다른손님 받고 다른빈자리로 안내해주고 테이블 셋팅을 그때 하셧어요기분이 안좋았어요그외 음식 맛은 괜찮았어요
1.0,0,인 가서 짜리 반반족발 보쌈 시켰는데 반반밖에 안나옴 착각했는지 그래서 말했더니 다시 보쌈 가져왔는데 이게 만원짜리가 맞는지 싶을정도로 적던데 다신 개인적으로 양이 너무 적어서 다신 안가려고함
5.0,1,역시 가족 반반족발 넘 맛있었어요  강츄
5.0,1,친절하시고 가게도 크고 서비스도 좋았습니다
5.0,1,잘먹었습니다 역시 가족은 가족이네요
5.0,1,오랜만에 정말 맛있는 족발을 먹었어요다음에 꼭 다시 들릴겁니다
5.0,1,체인점 여러개 방문했는데 방문시마다 만족합니다
5.0,1,족발은 어느 지점이던 여기가 가장 괜찮고 개인적으로 밑반찬도 여러가지 잘 나와서 좋아요
5.0,1,전참시 이영자 맛집 진짜 맛있게 먹고왔어요볶음밥은 필수예요
5.0,1,진대감 차돌삼합 너무 맛있게 먹어서 강남역데이트 하면서 또 먹어러갔는데 차돌이랑 관자 너무 맛있게 구워주셨어요 곤드레짱아찌 삼합이 제일 맛있어요 마무리는 날치알 듬뿍 볶음밥으로 했는데 센스쟁이 사장님께서 핫트모양으로 만들어주셨답니당 무려 가지로 다양하게 즐길 수 있는 차돌삼합 또 친절하셔서 좋았어요 
5.0,1,맛있고 엄청친절하십니다
5.0,1,친절하시고 고기도 직접 구워주셔서 편하게 식사할 수 있었습니다
5.0,1,진대감을 여러 지점 가봤는데 서비스가 단연 최고였어요 다른 지점이 안좋다는건 아닌데 제가 가봤던 음식점 중에서도 유독 좋았어요 직원분들 모두 친절하시고 맛은 말할 것도 없습니당 최고에요 특별한 날에 또 방문하고 싶습니다
5.0,1,사장님이랑 이모님들이 바쁜 와중에도 번갈아 삼합 맛나게 구워주셔서 너무 좋았습니다그래서 다른 진대감집 보다 훨씬 맛도 좋았습니다코로나 이후 간만에 손님 많아진거라고 바쁨을 즐기시는 이모님 모습에 활기가 넘쳐보여 좋았습니다다음에 또 갈게요 건강하세요
5.0,1,이영자가 인정하는 맛집 차돌삼합 최고입니다
5.0,1,모임으로 갔는데 맛도 서비스도 엄청 좋았어요 다들 또 가고싶다고 좋아했어요
5.0,1,진대감 역시 실망시키지 않아요고소한 차돌박이에 관자살 그리고 반찬에다 싸먹는 맛은 어디에도 없는 맛이라서 꼭 진대감만 가게 되네요 마무리 해장국까지 잘먹었어요원래 볶음밥 먹는데 오늘은 다른거 먹어 봤는데 이조합도 나쁘지 않네요
4.0,1,맛있어요
5.0,1,친절하고 맛있네요
3.5,1,친절 하고 맛 있었는데 정원 관리를 잘 했으면 더 좋았을 듯 식사 후 정원이 좋아 보여서 나가 보았는데 관리가 영 
4.5,1,예약하다가 자주먹던 메뉴말고 삼겹살을 처음주문해서 먹었는데 생각이상으로 괜찮네요 아 그냥 맛있어요 질도 좋구 뭐 이정도면 동네 프렌차이즈 고깃집보다 나은거같아요
5.0,1,친절하시고 맛있었어요 담에 또 갈께요
5.0,1,삼겹살이 씹었을때 넘 탱글탱글해서 씹는재미도 있지만 돼지비린내도 안나구 아주 훌륭했습니다 다들 전복삼합만 알지 이 삼겹살은 잘 몰라서 안먹는건가하고 생각이 들더라구요 저희가족은 앞으로 자주와서 먹을 예정이에요
4.0,1,한우 차돌박이 고기맛은 정말 좋았습니다 근데 반찬조합이 조금 아쉬운거 같았고테이블 주변에 왕파리들이 몇 마리 날아다녀서  밥 먹는데 신경 쓰였네요 
5.0,1,솔직히 겉 분위기만 봐서는 삼겹살이 비쌀줄 알았는데 생각보다 비싸지도 않고 오히려 가성비 좋았음 맛도 있는데 반찬구성도 수준이상임
5.0,1,깻잎이랑 싸서먹구 장아찌들이랑 한번씩 싸서 먹구 반찬 골라먹는 재미도 있었지만 고기자체가 맛있어서 뭐든 더 맛있게 느껴지네욤
5.0,1,삼겹살을 씹으니까 육즙이어우야 이런삼겹살 너무 좋아요 자주와야딩 
5.0,1,소주가 원이라 겁나 비싸지만 다 구워주시고 맛도 있어요
5.0,1,고기 너무 맛있었어요
5.0,1,맛잇엇어요 감사합니다
5.0,1,분위기 좋고 너무 맛있었어욯
5.0,1,회식 장소로 제격이네요 고기가 신선하고 맛있습니다 마지막에 사장님께서 호올스 사탕까지 챙겨주시는 센스
5.0,1,매장도 깔끔하고 고기도 두툼하니 맛있게 잘먹었습니다무엇보다 소주 맥주가 시원해서 좋았네요 
5.0,1,조용한 자리 부탁드린다 말씀드렸더니 자리도 아주 좋고 고기도 맛있었습니다
4.0,1,고기 맛있네요 근데 양은 적어요 강남이라 가격이 좀 되나봅니다 
5.0,1,꿀맛이에요 다 구워주셔서 편해요
5.0,1,네이버 예약이 잘 되어 있어서 테이블 셋팅은 이미 되어 있었습니다고기도 맛있고 즐겁게 식사할 수 있었습니다추천합니다
4.5,1,다 구워주고 맛있어요 
5.0,1,어제 죄송스럽게 역삼점으로 변경방문했는데 정말 맛있게 즐거운 식사를 해서 좋았습니다냉삼 껍데기 모두 좋았고 반찬 리필도 정말 잘해주셨어요
5.0,1,친절하고 맛있고 또 갈께요
5.0,1,레트로 분위기도 좋고 서비스도 좋았습니다 
4.5,1,냉동인데 냄세도 없고 맛있네요
5.0,1,언제나 맛있는 음식 감사합니다
4.0,1,매장은 깔끔하고 테이블 간격이 생각보다 여유있어서 대화하고 이동에 불편함없이 만족스럽습니다 직원들의 응대도 빠르고 좋습니다 단점은 연기가 잘 빠지지 않는 단점이있습니다 고기 퀄리티도 타 매장에 비해 좋은 편입니다 볶음밥도 맛있네요추천합니다
5.0,1,맛있게 잘 먹었어요 또 갈꺼에요
5.0,1,나리의 집보다 더 맛있어요  특히 꼬막비빔면 별미네용
5.0,1,제주산 삽겹살 맛나요
5.0,1,오랜만에 냉삼 아주 맛나게 잘 먹었습니다
5.0,1,각 방으로 되어있고 환기도 잘 되어서 좋습니다 음식도 정갈하게 나오고 좋네요 일만에 재 방문입니다 두 번 모두 만족 스럽네요 조용히 고기 먹으면서 얘기하기에 아주 좋습니다 
4.0,1,고기도 맛있고 일단 두명인데도 룸에 자리를 잡고 먹을수있어서 좋습니다 다음에 또 갈게요
5.0,1,깔끔하고 좋았습니다
4.5,1,기대이상입니다 고기를 구워주셔서 편하고 맛있게 먹었습니다가격도 생각보다 저렴했습니다
4.0,1,막걸리와 참이슬 빨간게 없어서 아쉬워 별하나 뺐고요나머지는 만족합니다프라이빗한 룸에서 고기를 즐길 수 있어서 좋았습니다
5.0,1,좋아요
5.0,1,조용한 룸 배정 좋았고 고기도 상당히 부드럽고 맛있어요 다음에 부모님이나 손님 모시고 가면 너무 좋아하실것 같아요 
5.0,1,맛도 서비스도 친절도 모두 만족입니당
4.0,1,룸이 있어 식사하기 편합니다
3.0,0,스페셜모둠 시켰는데 살치살은 정말 드라이에이징 잘해서 나오는 고소한 치즈맛 나고 너무 좋았어요 다만 주시는 소금이 너무 일반 소금이라 고기맛을 전혀 못살리는 느낌 밑반찬 깔끔하고 고기도 잘 구워주시는데 한꺼번에 다 구워주고 가셔서 천천히 먹으니 막판에 다 식어서 따로 불판에 도로 뎁혀 먹었어요 새우살 등심은 그냥 평범합니다 시간 숙성치고 된장죽 칼칼하고 맛있어요
5.0,1,가족 모두 맛있는 음식과 세심한 서비스에 좋은 시간을 보냈습니다
5.0,1,너무 맛있었어요 다음에 또 올거에요
5.0,1,솥뚜껑에 구워서 그런지 삼겹살도 맛있고 비율도 적절해서 간만에 맛있는 삼겹살 먹은거 같아 기분이 좋았습니다
5.0,1,맛있게 잘먹었어요근데 네이버 예약 파인애플 안줌여기 정말 최고네요 그냥 파인애플 안줬다 썼을뿐인데 죄송하다고 연락까지제가 죄송해지는 마음 식사할때 내내 서비스 좋아서 기분좋게 밥먹었는데사후 서비스까지 최고입니다담에 다시 꼭 갈래요 
4.5,1,다양힐 야채 백김치  묵은지 일붐
5.0,1,건강한 재료와 맛있는 삼겹살까지 맛있게 먹고 갑니다
5.0,1,삼겹살 인분 주문해서 먹었는데 진짜 양 어마어마한 계란찜도 서비스로 주시고 사이드 반찬들도 엄청 다양해서 되게 배부르게 잘먹었어요 고기도 되게 야들야들하고 도톰해요  묵은지도 같이 솥뚜껑불판위에 얹어주시는데 꼭 같이 드세요  직원분들도 엄청 친절하시고 매장도 깨끗하고 쾌적해요   무조건 재방문 하렵니다  
4.5,1,최근 나 혼자 산다 프로그램에 미나리 삼겹살이 나와서 오랜만에 방문하였는데 매번 느끼지만 음식도 정갈하고 특히 사장님과 여직원분의 친절한 서비스가 좋습니다손님도 많아져서 보기 좋았네요아 여기 수제소세지도 맛나요
0.5,0,여러 소고기집 많은데 괜히 여기로갔네요만원짜리세트 만천짜리 세트있는데그냥 만천 짜리 세트 두개먹으려고 둘이서그거 시켰더니 이모가 하는말잌 이건 질보단 양이에요 비꼬듯이 말하는데 어이가없어섴 그게 할소리입니까 손님한텤 고기도 그저 대충 툭툭 던져놓고 타곸 손님 모시고 간것만 아니었으면 뭐라하려했는데 손님때문에 대충하고 나왔네요 그냥 강남에서 그래도 소고기 구워주는거 하려면 거 일하는 이모들 교육부터 잘시키길 제발손님을 왕모시듯이하라는게 아니라 뭐 먹는 사람한테 할말 못할말은 가려하게 해주세요
4.0,1,코로나때문에 여러명 식사하기가 부담되었는데 기본찬이 개인별로 나와서 좋았습니다
5.0,1,너무 친절하시고 맛도 좋고 언제가도 만족이에요
5.0,1,만족합니다
5.0,1,맛있음요
4.0,1,고기가 참 맛있습니다
4.0,1,점심회식했는데 친절히시고 맛있게 잘먹었어요
